ObecnÌ kÛd,N·zev obce,RegistrovanÌ voliËi,VydanÈ ob·lky,PlatnÈ hlasy,ObËansk· demokratick· strana,ÿ·d n·roda - Vlasteneck· unie,CESTA ODPOVÃDN… SPOLE»NOSTI,»esk· str.soci·lnÏ demokrat.,RadostnÈ »esko,STAROSTOV… A NEZ¡VISLÕ,Komunistick· str.»ech a Moravy,Strana zelen˝ch,"ROZUMNÕ-stop migraci,dikt·t.EU",Strana svobodn˝ch obËan˘,Blok proti islam.-Obran.domova,ObËansk· demokratick· aliance,»esk· pir·tsk· strana,Referendum o EvropskÈ unii,TOP 09,ANO 2011,Dobr· volba 2016,SPR-Republ.str.»sl. M.Sl·dka,K¯esù.demokr.unie-»s.str.lid.,REALIST…,SPORTOVCI,DÏlnic.str.soci·lnÌ spravedl.,Svob.a p¯.dem.-T.Okamura (SPD),Strana Pr·v ObËan˘
588318,BÏlov,257,174,174,"14,36 %","0,00 %","0,00 %","4,59 %","0,00 %","8,04 %","11,49 %","0,57 %","0,00 %","1,14 %","0,00 %","0,00 %","8,04 %","0,00 %","3,44 %","29,31 %","0,00 %","0,00 %","5,17 %","2,29 %","0,00 %","0,00 %","11,49 %","0,00 %"
585076,Biskupice,564,314,314,"5,41 %","0,31 %","0,00 %","5,09 %","0,00 %","4,77 %","10,82 %","0,63 %","1,91 %","4,77 %","0,00 %","0,00 %","5,09 %","0,00 %","0,31 %","32,48 %","0,00 %","0,31 %","12,10 %","0,63 %","0,00 %","0,63 %","13,37 %","1,27 %"
557102,Bohuslavice nad Vl·¯Ì,315,201,201,"9,45 %","0,49 %","0,00 %","11,94 %","0,49 %","3,98 %","6,46 %","0,99 %","1,49 %","0,49 %","0,49 %","0,00 %","7,96 %","0,00 %","0,99 %","32,33 %","0,49 %","0,00 %","10,94 %","0,00 %","0,00 %","1,49 %","8,95 %","0,49 %"
585092,Bohuslavice u ZlÌna,637,399,397,"8,06 %","0,00 %","0,00 %","7,05 %","0,00 %","9,06 %","6,04 %","1,51 %","1,25 %","1,25 %","0,00 %","0,00 %","5,28 %","0,00 %","2,01 %","31,48 %","0,00 %","0,75 %","10,07 %","0,25 %","0,50 %","0,00 %","13,60 %","1,76 %"
585106,Brat¯ejov,640,422,419,"4,77 %","2,86 %","0,00 %","8,11 %","0,00 %","6,92 %","8,35 %","1,67 %","1,19 %","0,71 %","0,00 %","0,00 %","8,35 %","0,00 %","0,95 %","23,15 %","0,23 %","0,00 %","18,13 %","0,23 %","0,00 %","0,23 %","13,12 %","0,95 %"
585114,Brumov-Bylnice,4 531,2 599,2 582,"6,11 %","0,27 %","0,03 %","9,25 %","0,03 %","6,15 %","6,15 %","0,73 %","0,46 %","1,58 %","0,07 %","0,03 %","6,19 %","0,03 %","1,47 %","29,62 %","0,00 %","0,11 %","19,17 %","0,89 %","0,07 %","0,15 %","10,92 %","0,38 %"
538744,B¯eznice,1 032,687,681,"12,04 %","0,00 %","0,29 %","5,28 %","0,00 %","7,19 %","4,84 %","0,58 %","0,58 %","3,37 %","0,00 %","0,00 %","6,60 %","0,14 %","3,23 %","31,13 %","0,00 %","0,00 %","10,27 %","0,00 %","0,00 %","0,14 %","13,36 %","0,88 %"
585131,B¯ezov·,375,262,261,"6,89 %","0,38 %","0,00 %","5,36 %","0,00 %","6,13 %","9,19 %","1,14 %","1,53 %","0,38 %","0,00 %","0,00 %","8,81 %","0,00 %","1,53 %","27,20 %","0,00 %","0,00 %","16,85 %","0,00 %","0,38 %","0,00 %","12,64 %","1,53 %"
585149,B¯ez˘vky,567,359,356,"6,46 %","0,84 %","0,00 %","5,05 %","0,00 %","4,49 %","5,33 %","0,84 %","0,84 %","1,12 %","0,00 %","0,00 %","10,11 %","0,56 %","2,24 %","28,65 %","0,00 %","0,00 %","11,51 %","0,00 %","0,56 %","0,00 %","20,78 %","0,56 %"
585157,Deön·,165,103,103,"1,94 %","0,00 %","0,00 %","5,82 %","0,00 %","15,53 %","6,79 %","0,00 %","0,00 %","4,85 %","0,00 %","0,00 %","3,88 %","0,00 %","0,97 %","31,06 %","0,00 %","0,00 %","18,44 %","0,97 %","0,00 %","0,00 %","9,70 %","0,00 %"
585165,Dobrkovice,215,143,143,"7,69 %","0,69 %","0,00 %","13,98 %","0,00 %","2,79 %","4,89 %","0,00 %","3,49 %","2,09 %","0,00 %","0,00 %","2,09 %","0,00 %","0,00 %","26,57 %","0,00 %","0,69 %","20,27 %","0,69 %","0,00 %","0,00 %","13,98 %","0,00 %"
585173,DolnÌ Lhota,504,354,353,"5,94 %","0,28 %","0,00 %","4,81 %","0,00 %","5,66 %","4,24 %","0,56 %","0,56 %","0,28 %","0,56 %","0,00 %","6,51 %","0,00 %","0,84 %","23,79 %","0,00 %","0,84 %","35,41 %","0,56 %","0,00 %","0,28 %","7,64 %","1,13 %"
585181,Doubravy,436,271,270,"14,07 %","0,74 %","0,00 %","7,03 %","0,00 %","9,62 %","3,70 %","1,85 %","0,00 %","0,00 %","0,00 %","0,37 %","8,14 %","0,00 %","3,70 %","28,51 %","0,00 %","0,00 %","5,55 %","0,00 %","0,00 %","0,00 %","15,92 %","0,74 %"
585190,Drnovice,329,217,216,"2,31 %","0,00 %","0,00 %","6,94 %","0,00 %","11,11 %","2,77 %","0,92 %","2,31 %","0,00 %","0,00 %","0,00 %","6,94 %","0,00 %","2,31 %","23,61 %","0,00 %","0,00 %","33,79 %","0,92 %","0,00 %","0,00 %","6,01 %","0,00 %"
585203,Drûkov·,299,194,194,"7,21 %","0,51 %","0,00 %","7,73 %","0,51 %","6,70 %","5,15 %","0,00 %","0,51 %","0,51 %","0,00 %","0,00 %","6,70 %","0,51 %","1,54 %","37,11 %","0,00 %","0,00 %","11,34 %","0,00 %","0,00 %","0,00 %","13,91 %","0,00 %"
585211,Fryöt·k,3 037,1 972,1 952,"13,67 %","0,15 %","0,00 %","6,81 %","0,00 %","5,17 %","4,09 %","1,43 %","0,40 %","2,35 %","0,05 %","0,15 %","6,40 %","0,00 %","3,89 %","27,45 %","0,00 %","0,15 %","13,26 %","0,25 %","0,15 %","0,00 %","13,31 %","0,76 %"
585220,Halenkovice,1 502,887,886,"5,53 %","0,56 %","0,11 %","5,30 %","0,33 %","5,75 %","10,94 %","1,01 %","0,56 %","1,12 %","0,11 %","0,22 %","7,90 %","0,22 %","2,37 %","35,66 %","0,00 %","0,22 %","6,88 %","0,45 %","0,00 %","0,11 %","13,99 %","0,56 %"
585238,Haluzice,70,46,46,"0,00 %","0,00 %","0,00 %","10,86 %","0,00 %","2,17 %","10,86 %","0,00 %","0,00 %","2,17 %","0,00 %","0,00 %","6,52 %","0,00 %","2,17 %","28,26 %","0,00 %","0,00 %","10,86 %","0,00 %","0,00 %","0,00 %","26,08 %","0,00 %"
585246,HornÌ Lhota,457,315,315,"11,11 %","0,00 %","0,00 %","6,66 %","0,00 %","6,34 %","7,30 %","0,63 %","0,63 %","0,31 %","0,00 %","0,00 %","10,47 %","0,00 %","6,03 %","21,58 %","0,31 %","0,00 %","20,63 %","0,00 %","0,31 %","0,00 %","7,61 %","0,00 %"
585254,Hostiöov·,386,238,236,"5,93 %","0,42 %","0,42 %","2,54 %","0,00 %","8,47 %","6,35 %","0,00 %","0,42 %","0,84 %","0,00 %","0,00 %","7,20 %","0,00 %","2,54 %","24,15 %","0,00 %","0,00 %","17,37 %","1,27 %","0,84 %","0,42 %","18,22 %","2,54 %"
585262,Hrobice,381,218,217,"11,05 %","1,38 %","0,00 %","9,67 %","0,46 %","8,29 %","5,06 %","0,92 %","1,84 %","0,46 %","0,46 %","0,00 %","4,60 %","0,00 %","0,92 %","22,58 %","0,00 %","0,00 %","18,43 %","0,00 %","0,46 %","0,00 %","12,90 %","0,46 %"
585271,H¯ivÌn˘v ⁄jezd,452,283,283,"5,65 %","0,00 %","0,00 %","7,06 %","0,00 %","6,00 %","8,83 %","0,35 %","0,00 %","0,35 %","0,00 %","0,00 %","4,94 %","0,00 %","1,41 %","32,50 %","0,35 %","0,00 %","13,42 %","0,00 %","0,00 %","0,00 %","18,37 %","0,70 %"
585289,Hvozdn·,1 016,713,707,"11,03 %","0,14 %","0,14 %","8,48 %","0,00 %","5,94 %","4,66 %","1,13 %","0,28 %","1,27 %","0,00 %","0,00 %","10,74 %","0,14 %","2,82 %","22,34 %","0,00 %","0,28 %","16,40 %","1,13 %","0,42 %","0,14 %","12,02 %","0,42 %"
585301,Jasenn·,761,494,493,"10,95 %","0,20 %","0,00 %","5,67 %","0,20 %","8,31 %","7,30 %","1,21 %","0,81 %","3,24 %","0,00 %","0,20 %","7,70 %","0,00 %","3,24 %","26,36 %","0,00 %","0,40 %","6,69 %","0,81 %","0,20 %","0,40 %","15,41 %","0,60 %"
585319,Jest¯abÌ,232,115,115,"6,08 %","0,86 %","0,00 %","13,04 %","0,00 %","6,95 %","11,30 %","0,00 %","3,47 %","0,86 %","0,00 %","0,00 %","5,21 %","0,00 %","1,73 %","19,13 %","0,00 %","0,00 %","24,34 %","0,00 %","0,00 %","0,86 %","4,34 %","1,73 %"
585327,KaÚovice,225,144,143,"2,09 %","0,00 %","0,00 %","5,59 %","0,00 %","2,79 %","17,48 %","1,39 %","0,69 %","1,39 %","0,00 %","0,00 %","9,09 %","0,00 %","0,00 %","18,88 %","0,00 %","1,39 %","13,28 %","0,69 %","0,00 %","0,00 %","23,77 %","1,39 %"
587052,Karlovice,192,135,134,"8,20 %","0,00 %","0,00 %","6,71 %","0,00 %","3,73 %","5,97 %","0,00 %","0,74 %","0,74 %","0,00 %","0,00 %","6,71 %","0,00 %","2,98 %","35,07 %","0,00 %","0,74 %","14,92 %","0,74 %","0,00 %","0,00 %","12,68 %","0,00 %"
585343,Kaöava,718,502,499,"6,01 %","0,20 %","0,00 %","5,01 %","0,00 %","8,81 %","4,60 %","1,00 %","0,80 %","1,20 %","0,00 %","0,20 %","6,21 %","0,00 %","1,40 %","23,44 %","0,20 %","0,00 %","22,24 %","1,00 %","0,20 %","0,00 %","17,23 %","0,20 %"
592251,KelnÌky,127,93,93,"12,90 %","0,00 %","0,00 %","7,52 %","0,00 %","2,15 %","8,60 %","3,22 %","1,07 %","1,07 %","0,00 %","0,00 %","4,30 %","0,00 %","1,07 %","16,12 %","0,00 %","2,15 %","22,58 %","0,00 %","0,00 %","0,00 %","16,12 %","1,07 %"
549436,Kom·rov,285,187,185,"3,24 %","3,24 %","0,00 %","5,40 %","0,54 %","4,86 %","7,02 %","1,62 %","0,00 %","2,16 %","0,00 %","0,00 %","9,18 %","0,00 %","2,16 %","22,70 %","0,00 %","0,00 %","13,51 %","2,16 %","1,62 %","0,54 %","18,37 %","1,62 %"
586960,K¯ekov,138,84,82,"3,65 %","0,00 %","0,00 %","8,53 %","1,21 %","13,41 %","8,53 %","0,00 %","0,00 %","0,00 %","0,00 %","0,00 %","8,53 %","0,00 %","2,43 %","13,41 %","0,00 %","0,00 %","17,07 %","0,00 %","0,00 %","0,00 %","23,17 %","0,00 %"
573434,Lhota,695,448,445,"4,94 %","0,44 %","0,00 %","4,04 %","0,22 %","4,71 %","5,39 %","0,67 %","0,44 %","1,12 %","0,00 %","0,22 %","11,91 %","0,22 %","2,02 %","28,31 %","0,00 %","0,22 %","23,37 %","0,00 %","0,67 %","0,44 %","9,43 %","1,12 %"
549550,Lhotsko,228,141,141,"6,38 %","0,00 %","0,00 %","7,09 %","0,00 %","7,80 %","2,12 %","0,00 %","1,41 %","2,12 %","0,00 %","0,70 %","14,89 %","0,00 %","5,67 %","31,91 %","0,00 %","0,00 %","3,54 %","0,00 %","0,70 %","0,00 %","15,60 %","0,00 %"
549622,LÌpa,683,495,490,"15,30 %","0,40 %","0,20 %","4,08 %","0,00 %","4,48 %","5,10 %","0,40 %","0,81 %","1,63 %","0,00 %","0,00 %","13,46 %","0,00 %","4,69 %","26,93 %","0,20 %","0,00 %","9,59 %","0,20 %","0,00 %","0,00 %","12,24 %","0,20 %"
586871,Lipov·,289,199,199,"6,53 %","0,50 %","0,00 %","3,51 %","0,00 %","3,01 %","7,03 %","1,00 %","1,50 %","1,50 %","0,00 %","0,00 %","7,03 %","0,00 %","1,50 %","33,66 %","0,00 %","0,00 %","15,57 %","1,00 %","0,00 %","0,00 %","15,57 %","1,00 %"
585432,LouËka,429,253,250,"8,40 %","0,00 %","0,00 %","3,60 %","0,00 %","6,40 %","8,80 %","0,40 %","1,60 %","1,60 %","0,40 %","0,00 %","6,00 %","0,40 %","0,40 %","27,20 %","0,00 %","0,40 %","22,00 %","0,00 %","0,00 %","0,00 %","11,20 %","1,20 %"
585441,Ludkovice,575,394,392,"8,67 %","0,00 %","0,00 %","9,18 %","0,00 %","4,08 %","4,33 %","1,02 %","0,00 %","3,57 %","0,00 %","0,00 %","12,24 %","0,00 %","3,82 %","28,57 %","0,00 %","0,00 %","10,96 %","0,51 %","0,25 %","0,00 %","11,47 %","1,27 %"
585459,LuhaËovice,4 784,3 247,3 232,"10,48 %","0,12 %","0,09 %","6,09 %","0,03 %","4,91 %","6,68 %","1,42 %","0,46 %","2,35 %","0,03 %","0,15 %","9,15 %","0,03 %","4,05 %","29,08 %","0,06 %","0,15 %","10,98 %","1,36 %","0,12 %","0,03 %","10,82 %","1,26 %"
585467,Lukov,1 443,945,941,"14,24 %","0,42 %","0,00 %","6,48 %","0,00 %","6,37 %","5,41 %","0,95 %","0,42 %","1,38 %","0,00 %","0,10 %","8,07 %","0,00 %","2,65 %","27,84 %","0,00 %","0,21 %","14,87 %","0,21 %","0,00 %","0,10 %","9,03 %","1,16 %"
557145,LukoveËek,343,259,258,"12,01 %","0,00 %","0,00 %","4,26 %","0,00 %","7,75 %","5,81 %","1,55 %","0,38 %","0,77 %","0,00 %","0,00 %","6,97 %","0,00 %","3,87 %","21,70 %","0,00 %","0,38 %","7,75 %","1,16 %","0,00 %","0,00 %","24,80 %","0,77 %"
585483,Lutonina,331,199,198,"7,07 %","1,01 %","0,00 %","7,07 %","0,50 %","7,57 %","10,60 %","2,02 %","2,52 %","0,50 %","1,01 %","0,00 %","6,06 %","0,00 %","2,02 %","37,87 %","0,00 %","0,00 %","4,04 %","0,50 %","0,00 %","0,00 %","8,08 %","1,51 %"
585491,Machov·,505,310,307,"2,93 %","0,65 %","1,30 %","5,86 %","0,00 %","5,86 %","7,49 %","0,00 %","1,95 %","1,62 %","0,00 %","0,00 %","5,21 %","0,00 %","0,65 %","34,52 %","0,00 %","0,00 %","14,65 %","0,97 %","0,00 %","0,00 %","15,63 %","0,65 %"
585505,MysloËovice,489,352,350,"11,42 %","0,00 %","0,00 %","4,85 %","0,00 %","8,57 %","6,85 %","0,00 %","0,57 %","1,14 %","0,00 %","0,28 %","7,42 %","0,57 %","2,28 %","20,85 %","0,00 %","0,85 %","18,28 %","0,57 %","0,28 %","0,00 %","14,28 %","0,85 %"
585513,Napajedla,5 961,3 750,3 695,"9,03 %","0,37 %","0,18 %","5,33 %","0,08 %","4,33 %","7,28 %","1,62 %","0,62 %","1,24 %","0,08 %","0,08 %","11,06 %","0,02 %","2,48 %","33,85 %","0,10 %","0,21 %","6,27 %","0,54 %","0,18 %","0,10 %","14,23 %","0,59 %"
585521,N·vojn·,573,340,338,"3,25 %","0,59 %","0,00 %","9,76 %","0,00 %","4,73 %","3,84 %","0,59 %","2,36 %","0,88 %","0,00 %","0,00 %","5,62 %","0,00 %","1,47 %","31,65 %","0,00 %","0,00 %","29,28 %","0,88 %","0,00 %","0,00 %","4,73 %","0,29 %"
585530,Nedaöov,1 094,574,569,"4,04 %","0,00 %","0,00 %","9,66 %","0,00 %","3,86 %","3,86 %","0,17 %","0,70 %","0,70 %","0,35 %","0,00 %","3,33 %","0,00 %","1,75 %","31,28 %","0,00 %","0,17 %","33,21 %","0,35 %","0,17 %","0,00 %","6,15 %","0,17 %"
585548,Nedaöova Lhota,548,322,320,"6,56 %","0,31 %","0,00 %","7,81 %","0,62 %","5,31 %","2,18 %","0,62 %","0,93 %","0,31 %","0,00 %","0,00 %","1,87 %","0,00 %","0,62 %","27,18 %","0,00 %","0,00 %","39,06 %","0,00 %","0,31 %","0,00 %","5,93 %","0,31 %"
585556,Neubuz,374,225,224,"5,35 %","0,00 %","0,00 %","3,57 %","0,00 %","14,28 %","6,25 %","0,44 %","0,00 %","1,78 %","0,00 %","0,00 %","4,91 %","0,44 %","2,67 %","26,78 %","0,00 %","0,44 %","12,94 %","0,44 %","0,44 %","0,44 %","17,41 %","1,33 %"
549444,Old¯ichovice,324,207,206,"2,91 %","0,48 %","0,00 %","4,36 %","0,00 %","5,82 %","7,76 %","0,48 %","1,45 %","0,97 %","0,00 %","0,48 %","8,73 %","0,00 %","0,48 %","42,23 %","0,00 %","0,48 %","9,22 %","0,00 %","0,00 %","0,00 %","14,07 %","0,00 %"
557170,Ostrata,342,190,190,"7,36 %","0,00 %","0,00 %","5,78 %","0,00 %","7,89 %","1,57 %","0,00 %","0,00 %","1,05 %","0,00 %","1,05 %","7,36 %","0,00 %","5,26 %","37,36 %","0,00 %","1,05 %","8,94 %","1,57 %","0,00 %","0,00 %","13,68 %","0,00 %"
585599,Otrokovice,14 667,8 830,8 770,"7,14 %","0,30 %","0,11 %","8,27 %","0,07 %","4,52 %","6,07 %","1,35 %","0,58 %","1,72 %","0,07 %","0,07 %","9,72 %","0,10 %","2,24 %","33,97 %","0,04 %","0,13 %","6,24 %","1,07 %","0,22 %","0,09 %","15,18 %","0,58 %"
556874,Petr˘vka,278,175,175,"10,85 %","0,00 %","0,00 %","9,71 %","0,57 %","7,42 %","10,85 %","0,00 %","0,00 %","0,57 %","0,00 %","0,00 %","9,71 %","0,00 %","0,57 %","24,00 %","0,00 %","0,00 %","12,00 %","1,14 %","0,00 %","0,00 %","12,00 %","0,57 %"
534811,PodhradÌ,171,120,120,"9,16 %","0,00 %","0,00 %","5,83 %","0,00 %","6,66 %","1,66 %","0,83 %","0,83 %","5,00 %","0,00 %","0,00 %","2,50 %","0,00 %","0,83 %","28,33 %","0,00 %","0,00 %","27,50 %","0,00 %","0,00 %","0,00 %","10,83 %","0,00 %"
585611,Podkopn· Lhota,279,181,180,"7,77 %","0,00 %","0,00 %","6,66 %","0,00 %","3,88 %","7,77 %","0,55 %","1,11 %","1,66 %","0,00 %","0,00 %","5,55 %","0,00 %","0,55 %","31,66 %","0,55 %","0,00 %","15,00 %","0,00 %","0,00 %","0,00 %","16,66 %","0,55 %"
549461,Poho¯elice,721,499,494,"9,51 %","0,40 %","0,00 %","7,69 %","0,00 %","5,06 %","6,68 %","1,41 %","0,00 %","1,21 %","0,40 %","0,20 %","9,91 %","0,40 %","4,85 %","22,87 %","0,00 %","0,00 %","12,14 %","0,40 %","0,00 %","0,40 %","14,97 %","1,41 %"
549533,PoteË,624,443,442,"5,42 %","0,00 %","0,00 %","6,10 %","0,00 %","5,42 %","3,39 %","1,13 %","0,22 %","1,13 %","0,00 %","0,00 %","10,63 %","0,00 %","0,90 %","21,71 %","0,00 %","0,00 %","31,44 %","1,80 %","0,00 %","0,00 %","9,95 %","0,67 %"
549401,Pozlovice,1 062,757,750,"8,00 %","0,40 %","0,00 %","5,20 %","0,00 %","5,20 %","2,26 %","1,06 %","0,26 %","3,73 %","0,13 %","0,26 %","7,60 %","0,13 %","3,60 %","28,80 %","0,00 %","0,00 %","18,66 %","3,33 %","0,00 %","0,40 %","10,53 %","0,40 %"
585661,Provodov,647,463,461,"7,59 %","0,00 %","0,00 %","4,12 %","0,00 %","6,29 %","4,33 %","0,86 %","0,43 %","2,16 %","0,00 %","0,00 %","6,72 %","0,00 %","2,60 %","29,50 %","0,00 %","0,00 %","24,29 %","0,43 %","0,00 %","0,21 %","9,76 %","0,65 %"
585670,Rackov·,628,443,437,"9,61 %","0,68 %","0,00 %","5,49 %","0,00 %","5,72 %","6,40 %","0,91 %","0,22 %","1,83 %","0,68 %","0,00 %","9,15 %","0,45 %","4,11 %","27,68 %","0,00 %","0,00 %","11,44 %","1,60 %","0,45 %","0,22 %","12,35 %","0,91 %"
556980,Rokytnice,488,290,290,"4,82 %","0,00 %","0,00 %","8,96 %","0,00 %","6,89 %","7,24 %","1,72 %","0,68 %","1,37 %","0,00 %","0,00 %","5,86 %","0,00 %","0,68 %","27,24 %","0,00 %","0,00 %","14,48 %","9,31 %","0,00 %","0,00 %","10,34 %","0,34 %"
586919,Rudimov,205,148,148,"11,48 %","0,00 %","0,00 %","4,05 %","0,00 %","9,45 %","5,40 %","0,00 %","0,67 %","0,67 %","0,00 %","0,00 %","13,51 %","1,35 %","0,67 %","20,94 %","0,00 %","0,00 %","12,16 %","4,05 %","0,00 %","0,00 %","15,54 %","0,00 %"
585726,Sazovice,590,410,407,"7,37 %","0,24 %","0,00 %","6,87 %","0,00 %","4,17 %","2,70 %","0,98 %","0,49 %","0,24 %","0,00 %","0,24 %","5,89 %","0,24 %","2,21 %","36,36 %","0,00 %","0,49 %","16,95 %","0,73 %","0,24 %","0,00 %","11,05 %","2,45 %"
585734,Sehradice,575,392,390,"5,12 %","0,51 %","0,00 %","8,46 %","0,00 %","5,38 %","3,84 %","0,00 %","0,25 %","0,76 %","0,25 %","0,00 %","7,17 %","0,25 %","0,76 %","23,58 %","0,51 %","0,00 %","24,10 %","0,76 %","0,00 %","0,00 %","15,38 %","2,82 %"
585751,SlaviËÌn,5 396,3 253,3 228,"8,27 %","0,34 %","0,06 %","9,35 %","0,06 %","4,92 %","8,08 %","1,23 %","0,52 %","1,54 %","0,09 %","0,03 %","8,11 %","0,09 %","2,10 %","32,06 %","0,09 %","0,18 %","11,02 %","1,33 %","0,09 %","0,09 %","9,82 %","0,43 %"
585769,SlopnÈ,455,341,341,"7,33 %","0,00 %","0,00 %","6,15 %","0,58 %","8,21 %","4,69 %","1,17 %","1,17 %","0,58 %","0,00 %","0,00 %","8,21 %","0,00 %","2,34 %","18,18 %","0,00 %","0,00 %","31,37 %","0,29 %","0,00 %","0,29 %","8,79 %","0,58 %"
585777,Sluöovice,2 348,1 474,1 454,"11,76 %","0,34 %","0,20 %","5,50 %","0,06 %","6,12 %","4,95 %","1,51 %","0,61 %","2,47 %","0,27 %","0,41 %","9,76 %","0,00 %","3,16 %","27,51 %","0,13 %","0,13 %","12,44 %","0,41 %","0,13 %","0,13 %","10,66 %","1,23 %"
585793,SpytihnÏv,1 382,924,912,"6,25 %","0,43 %","0,00 %","4,49 %","0,00 %","4,49 %","6,57 %","1,31 %","0,32 %","2,08 %","0,00 %","0,00 %","6,90 %","0,21 %","2,41 %","33,55 %","0,21 %","0,10 %","11,29 %","0,65 %","0,10 %","0,00 %","17,21 %","1,31 %"
585807,äanov,393,227,225,"6,66 %","0,00 %","0,00 %","7,11 %","0,00 %","4,44 %","11,11 %","0,44 %","0,00 %","1,33 %","0,00 %","0,00 %","4,44 %","0,00 %","1,77 %","38,22 %","0,00 %","0,44 %","14,22 %","0,00 %","0,88 %","0,44 %","8,00 %","0,44 %"
585815,äarovy,214,142,141,"12,05 %","0,70 %","0,00 %","7,09 %","0,00 %","4,96 %","4,96 %","2,12 %","0,70 %","2,12 %","0,00 %","0,00 %","12,76 %","0,00 %","1,41 %","29,78 %","0,00 %","0,00 %","4,96 %","0,70 %","0,00 %","0,00 %","15,60 %","0,00 %"
585831,ätÌtn· nad Vl·¯Ì-Popov,1 763,1 105,1 102,"7,16 %","0,00 %","0,00 %","9,16 %","0,00 %","4,99 %","4,90 %","0,90 %","0,36 %","0,99 %","0,09 %","0,45 %","6,35 %","0,00 %","1,45 %","29,67 %","0,00 %","0,00 %","23,32 %","0,99 %","0,00 %","0,18 %","8,89 %","0,09 %"
549649,TeËovice,1 020,663,660,"10,00 %","0,75 %","0,00 %","5,90 %","0,00 %","11,06 %","3,18 %","1,51 %","0,60 %","1,06 %","0,15 %","0,15 %","7,57 %","0,00 %","2,87 %","27,57 %","0,15 %","0,15 %","10,60 %","1,66 %","0,15 %","0,00 %","13,78 %","1,06 %"
535184,Tichov,245,160,159,"1,25 %","0,00 %","0,00 %","10,69 %","0,00 %","5,03 %","10,06 %","0,62 %","1,25 %","1,25 %","0,00 %","0,00 %","2,51 %","0,00 %","3,14 %","22,64 %","0,00 %","0,00 %","27,04 %","0,00 %","0,00 %","0,00 %","14,46 %","0,00 %"
585858,TlumaËov,1 973,1 137,1 130,"6,99 %","0,35 %","0,08 %","5,75 %","0,08 %","4,77 %","6,72 %","1,50 %","0,79 %","0,97 %","0,26 %","0,08 %","6,63 %","0,08 %","1,23 %","35,30 %","0,17 %","0,08 %","6,90 %","0,88 %","0,35 %","0,00 %","18,76 %","1,15 %"
585866,Trnava,931,565,561,"7,48 %","0,35 %","0,00 %","6,06 %","0,00 %","8,37 %","8,73 %","0,71 %","0,53 %","1,24 %","0,00 %","0,17 %","4,09 %","0,00 %","1,06 %","28,87 %","0,00 %","0,17 %","17,82 %","0,53 %","0,00 %","0,00 %","13,19 %","0,53 %"
585874,Ublo,235,142,141,"14,18 %","0,70 %","0,00 %","9,92 %","0,70 %","4,96 %","9,92 %","1,41 %","0,70 %","0,70 %","0,00 %","0,00 %","7,09 %","0,00 %","2,83 %","34,04 %","0,00 %","0,00 %","4,96 %","2,12 %","0,00 %","0,00 %","5,67 %","0,00 %"
585882,⁄jezd,980,566,561,"4,27 %","0,00 %","0,17 %","8,91 %","0,17 %","14,43 %","7,13 %","1,24 %","0,53 %","1,42 %","0,00 %","0,35 %","10,16 %","0,00 %","1,60 %","21,21 %","0,00 %","0,53 %","14,43 %","0,71 %","0,00 %","0,89 %","11,05 %","0,71 %"
585891,ValaöskÈ Klobouky,4 050,2 496,2 481,"9,47 %","0,16 %","0,00 %","6,12 %","0,04 %","9,06 %","6,28 %","0,88 %","0,48 %","1,73 %","0,16 %","0,16 %","9,02 %","0,00 %","2,21 %","26,07 %","0,08 %","0,00 %","17,97 %","0,24 %","0,00 %","0,00 %","9,43 %","0,36 %"
585912,Velk˝ O¯echov,607,437,435,"10,34 %","0,22 %","0,00 %","4,13 %","0,00 %","3,44 %","5,97 %","0,22 %","0,00 %","0,91 %","0,00 %","0,22 %","4,82 %","0,00 %","1,83 %","34,25 %","0,00 %","0,00 %","12,64 %","0,45 %","0,00 %","0,45 %","18,85 %","1,14 %"
585921,Vesel·,651,445,442,"11,08 %","0,22 %","0,00 %","9,27 %","0,00 %","6,78 %","3,61 %","0,67 %","0,45 %","1,58 %","0,45 %","0,00 %","8,59 %","0,90 %","3,16 %","28,28 %","0,00 %","0,00 %","9,04 %","0,67 %","0,22 %","0,22 %","14,25 %","0,45 %"
585939,Vizovice,3 872,2 402,2 381,"12,30 %","0,62 %","0,08 %","5,41 %","0,00 %","9,07 %","4,74 %","1,42 %","0,37 %","1,04 %","0,16 %","0,12 %","10,49 %","0,12 %","4,03 %","25,66 %","0,08 %","0,12 %","10,58 %","0,37 %","0,08 %","0,08 %","11,46 %","1,46 %"
586994,Vlachova Lhota,189,99,98,"17,34 %","0,00 %","0,00 %","9,18 %","0,00 %","18,36 %","6,12 %","0,00 %","1,02 %","1,02 %","0,00 %","0,00 %","5,10 %","0,00 %","1,02 %","19,38 %","0,00 %","0,00 %","12,24 %","0,00 %","1,02 %","0,00 %","8,16 %","0,00 %"
585955,Vlachovice,1 216,768,761,"4,46 %","0,00 %","0,00 %","6,30 %","0,13 %","14,45 %","7,22 %","0,78 %","0,91 %","1,05 %","0,00 %","0,13 %","5,12 %","0,13 %","2,23 %","30,74 %","0,00 %","0,13 %","17,08 %","0,39 %","0,00 %","0,13 %","8,14 %","0,39 %"
585963,VlËkov·,328,207,206,"8,73 %","1,45 %","0,00 %","7,76 %","0,00 %","5,33 %","5,82 %","0,00 %","2,91 %","0,48 %","0,00 %","0,00 %","7,76 %","0,00 %","2,91 %","31,06 %","0,00 %","0,48 %","8,25 %","0,48 %","0,48 %","0,48 %","15,04 %","0,48 %"
585971,Vöemina,915,602,601,"6,48 %","0,00 %","0,16 %","7,15 %","0,00 %","2,99 %","3,99 %","0,83 %","0,49 %","1,16 %","0,00 %","0,49 %","5,15 %","0,00 %","1,83 %","34,60 %","0,00 %","0,00 %","20,29 %","0,49 %","0,16 %","0,00 %","11,64 %","1,99 %"
585980,VysokÈ Pole,658,366,365,"1,64 %","0,00 %","0,00 %","8,76 %","0,00 %","16,71 %","4,10 %","1,36 %","0,54 %","0,82 %","0,27 %","0,00 %","6,57 %","0,00 %","1,64 %","28,21 %","0,00 %","0,00 %","19,45 %","0,00 %","0,27 %","0,00 %","9,58 %","0,00 %"
585998,Z·dve¯ice-Rakov·,1 149,706,699,"10,72 %","0,14 %","0,28 %","7,86 %","0,14 %","8,29 %","6,29 %","1,28 %","0,42 %","1,28 %","0,00 %","0,14 %","8,58 %","0,00 %","3,29 %","31,47 %","0,00 %","0,00 %","3,71 %","1,00 %","0,28 %","0,14 %","13,01 %","1,57 %"
585068,ZlÌn,61 206,39 202,38 975,"11,38 %","0,35 %","0,10 %","6,18 %","0,07 %","7,85 %","4,69 %","1,36 %","0,49 %","2,05 %","0,10 %","0,11 %","9,73 %","0,07 %","4,33 %","29,98 %","0,07 %","0,16 %","7,62 %","0,92 %","0,17 %","0,06 %","11,29 %","0,75 %"
500011,éelechovice nad D¯evnicÌ,1 598,1 041,1 032,"10,94 %","0,00 %","0,09 %","8,13 %","0,19 %","8,52 %","3,87 %","0,77 %","0,58 %","1,55 %","0,09 %","0,09 %","9,49 %","0,09 %","3,68 %","25,58 %","0,00 %","0,19 %","10,65 %","0,67 %","0,00 %","0,00 %","13,95 %","0,77 %"
586013,élutava,916,624,621,"13,84 %","0,80 %","0,00 %","4,83 %","0,00 %","4,02 %","6,44 %","0,64 %","0,48 %","2,73 %","0,00 %","0,00 %","9,33 %","0,00 %","1,61 %","33,97 %","0,16 %","0,00 %","6,76 %","3,05 %","0,16 %","0,16 %","10,14 %","0,80 %"
